{"cameraMode":{"drawMode":0,"name":"Shaded","section":"Shading Mode"},"sceneLighting":true,"audioPlay":false,"sceneViewState":{"showFog":true,"showMaterialUpdate":false,"showSkybox":true,"showFlares":true,"showImageEffects":true,"showParticleSystems":true},"in2DMode":false,"pivot":{"x":-1.1605353355407715,"y":-1.7972146272659302,"z":-2.573458194732666},"rotation":{"x":0.022028429433703424,"y":0.9700455665588379,"z":-0.09667464345693588,"w":0.22201572358608247},"size":22.0,"orthographic":false}