{"cameraMode":{"drawMode":0,"name":"Shaded","section":"Shading Mode"},"sceneLighting":true,"audioPlay":false,"sceneViewState":{"showFog":true,"showMaterialUpdate":false,"showSkybox":true,"showFlares":true,"showImageEffects":true,"showParticleSystems":true},"in2DMode":false,"pivot":{"x":18.11949920654297,"y":2.7694637775421144,"z":-33.0412483215332},"rotation":{"x":0.32686421275138857,"y":0.04108820855617523,"z":-0.014225911349058152,"w":0.9440754055976868},"size":132.01214599609376,"orthographic":false}