{"cameraMode":{"drawMode":0,"name":"Shaded","section":"Shading Mode"},"sceneLighting":true,"audioPlay":false,"sceneViewState":{"showFog":true,"showMaterialUpdate":false,"showSkybox":true,"showFlares":true,"showImageEffects":true,"showParticleSystems":true},"in2DMode":false,"pivot":{"x":2.75573468208313,"y":3.581541061401367,"z":-0.5272855162620544},"rotation":{"x":0.15565651655197144,"y":0.014811748638749123,"z":-0.0023342862259596588,"w":0.9876977205276489},"size":10.0,"orthographic":false}