{"cameraMode":{"drawMode":0,"name":"Shaded","section":"Shading Mode"},"sceneLighting":true,"audioPlay":false,"sceneViewState":{"showFog":true,"showMaterialUpdate":false,"showSkybox":true,"showFlares":true,"showImageEffects":true,"showParticleSystems":true},"in2DMode":false,"pivot":{"x":-0.13236814737319947,"y":-2.1911540031433107,"z":0.3252996504306793},"rotation":{"x":-0.10064619779586792,"y":-0.0012000487186014653,"z":0.00022819927835371345,"w":-0.9949925541877747},"size":11.96510124206543,"orthographic":false}